Date,Open,High,Low,Close
2013/3/11,96.15,96.634,95.95,96.586
2013/3/12,96.602,96.689,95.623,95.864
2013/3/13,95.864,96.231,95.428,96.025
2013/3/14,96.025,96.562,95.668,96.048
2013/3/15,96.049,96.255,95.06,95.26
2013/3/18,94.842,95.577,94.296,95.356
2013/3/19,95.358,95.727,94.713,95.006
2013/3/20,95.005,96.114,94.81,96.052
2013/3/21,96.051,96.075,94.554,95.063
2013/3/22,95.063,95.071,94.184,94.462
2013/3/25,94.605,94.941,93.516,94.206
2013/3/26,94.207,94.617,93.851,94.614
2013/3/27,94.615,94.888,94.023,94.334
2013/3/28,94.334,94.413,93.858,94.274
2013/3/29,94.272,94.275,93.919,94.159
2013/4/1,94.243,94.355,93.05,93.176
2013/4/2,93.179,93.538,92.552,93.355
2013/4/3,93.357,93.668,92.696,93.063
2013/4/4,93.061,96.387,92.721,96.351
2013/4/5,96.354,97.809,95.799,97.52
2013/4/8,98.301,99.482,98.061,99.461
2013/4/9,99.46,99.64,98.587,99.161
2013/4/10,99.162,99.85,98.898,99.82
2013/4/11,99.8,99.93,99.098,99.78
2013/4/12,99.78,99.78,98.081,98.41
2013/4/15,98.332,98.693,95.784,96.559
2013/4/16,96.572,98.138,96.504,97.767
2013/4/17,97.768,98.412,97.194,98.244
2013/4/18,98.245,98.501,97.624,98.208
2013/4/19,98.207,99.66,98.088,99.45
2013/4/22,99.77,99.87,98.98,99.281
2013/4/23,99.281,99.51,98.471,99.364
2013/4/24,99.366,99.74,99.185,99.51
2013/4/25,99.51,99.55,98.972,99.308
2013/4/26,99.306,99.396,97.549,98.04
2013/4/29,97.953,98.178,97.334,97.818
2013/4/30,97.818,98.107,97,97.367
2013/5/1,97.367,97.655,97.027,97.271
2013/5/2,97.272,98.374,97.075,97.903
2013/5/3,97.903,99.242,97.881,98.98
2013/5/6,99.134,99.434,99.042,99.316
2013/5/7,99.314,99.414,98.815,98.958
2013/5/8,98.958,99.145,98.583,98.939
2013/5/9,98.939,100.79,98.646,100.63
2013/5/10,100.63,101.98,100.54,101.58
2013/5/13,101.77,102.15,101.51,101.75
2013/5/14,101.76,102.43,101.26,102.27
2013/5/15,102.27,102.76,101.85,102.25
2013/5/16,102.25,102.68,101.83,102.22
2013/5/17,102.22,103.3,102.08,103.28
2013/5/20,102.58,102.91,102.17,102.25
2013/5/21,102.25,102.87,102.07,102.5
2013/5/22,102.5,103.73,102.35,103.12
2013/5/23,103.12,103.56,100.84,101.99
2013/5/24,101.99,102.58,100.68,101.09
2013/5/27,101.24,101.3,100.75,101.05
2013/5/28,101.06,102.49,101.05,102.26
2013/5/29,102.26,102.52,100.72,101.12
2013/5/30,101.12,101.79,100.47,100.75
2013/5/31,100.75,101.27,100.22,100.45
2013/6/3,100.55,100.72,98.858,99.434
2013/6/4,99.445,100.42,99.333,100.03
2013/6/5,100.04,100.45,98.966,99.142
2013/6/6,99.147,99.459,95.88,97.42
2013/6/7,97.418,97.774,95.004,97.51
2013/6/10,97.846,99.274,97.706,98.985
2013/6/11,98.985,98.985,95.604,96.028
2013/6/12,96.028,97.011,95.139,95.846
2013/6/13,95.846,95.955,93.795,95.6
2013/6/14,95.616,95.73,93.985,94.04
2013/6/17,94.178,95.209,94.167,94.638
2013/6/18,94.642,95.752,94.422,95.381
2013/6/19,95.381,97.005,94.835,96.295
2013/6/20,96.284,98.286,96.207,97.317
2013/6/21,97.317,98.124,96.866,97.764
2013/6/24,97.952,98.699,97.219,97.705
2013/6/25,97.706,98.06,96.964,97.955
2013/6/26,97.955,98.225,97.241,97.765
2013/6/27,97.767,98.563,97.567,98.425
2013/6/28,98.422,99.442,98.345,99.184
2013/7/1,99.2,99.85,99.18,99.61
2013/7/2,99.61,100.72,99.5,100.62
2013/7/3,100.63,100.85,99.257,99.93
2013/7/4,99.94,100.15,99.485,100.1
2013/7/5,100.1,101.22,99.88,101.21
2013/7/8,101.27,101.53,100.78,100.89
2013/7/9,100.89,101.3,100.77,101.08
2013/7/10,101.08,101.21,99.389,99.53
2013/7/11,99.53,99.64,98.229,98.993
2013/7/12,98.993,99.69,98.668,99.346
2013/7/15,99.244,100.48,99.068,99.94
2013/7/16,99.93,100.07,98.898,99.155
2013/7/17,99.155,99.94,99.043,99.58
2013/7/18,99.58,100.65,99.465,100.53
2013/7/19,100.53,100.86,99.8,100.35
2013/7/22,100.35,100.61,99.289,99.6
2013/7/23,99.6,100.18,99.144,99.473
2013/7/24,99.473,100.43,99.387,100.26
2013/7/25,100.26,100.45,98.876,99.262
2013/7/26,99.262,99.385,97.961,98.27
2013/7/29,98.332,98.332,97.631,97.911
2013/7/30,97.909,98.457,97.757,98.038
2013/7/31,98.038,98.512,97.577,97.793
2013/8/1,97.793,99.56,97.657,99.5
2013/8/2,99.5,99.94,98.663,98.852
2013/8/5,98.974,99.146,98.184,98.252
2013/8/6,98.258,98.579,97.51,97.765
2013/8/7,97.768,97.776,96.322,96.373
2013/8/8,96.373,96.93,95.807,96.598
2013/8/9,96.603,96.959,96.129,96.188
2013/8/12,96.313,97.145,95.918,97.087
2013/8/13,97.081,98.336,97.039,98.232
2013/8/14,98.228,98.423,97.865,98.007
2013/8/15,98.004,98.648,97.035,97.242
2013/8/16,97.257,97.767,97.048,97.531
2013/8/19,97.628,98.117,97.358,97.616
2013/8/20,97.611,97.859,96.912,97.306
2013/8/21,97.307,97.974,97.115,97.702
2013/8/22,97.706,98.808,97.691,98.764
2013/8/23,98.749,99.15,98.39,98.665
2013/8/26,98.613,98.842,98.266,98.425
2013/8/27,98.444,98.524,96.984,97.033
2013/8/28,97.033,97.829,96.806,97.71
2013/8/29,97.703,98.517,97.443,98.315
2013/8/30,98.321,98.469,97.883,98.17
2013/9/2,98.352,99.428,98.271,99.372
2013/9/3,99.369,99.86,99.17,99.56
2013/9/4,99.56,99.81,99.316,99.75
2013/9/5,99.75,100.19,99.57,100.17
2013/9/6,100.17,100.22,98.54,99.059
2013/9/9,99.76,100.1,99.335,99.62
2013/9/10,99.62,100.46,99.474,100.39
2013/9/11,100.39,100.6,99.79,99.97
2013/9/12,99.96,99.99,99.013,99.49
2013/9/13,99.489,99.97,99.193,99.24
2013/9/16,98.81,99.182,98.645,99.09
2013/9/17,99.09,99.382,99,99.124
2013/9/18,99.124,99.333,97.757,98.154
2013/9/19,98.154,99.61,97.982,99.393
2013/9/20,99.393,99.66,99.166,99.33
2013/9/23,99.261,99.354,98.649,98.792
2013/9/24,98.821,99.171,98.472,98.727
2013/9/25,98.727,98.812,98.383,98.442
2013/9/26,98.44,99.129,98.267,98.978
2013/9/27,98.98,99.033,98.092,98.23
2013/9/30,97.777,98.456,97.497,98.242
2013/10/1,98.239,98.717,97.655,98.016
2013/10/2,98.012,98.077,97.143,97.378
2013/10/3,97.373,97.87,96.929,97.222
2013/10/4,97.217,97.477,96.948,97.45
2013/10/7,97.277,97.324,96.56,96.687
2013/10/8,96.696,97.246,96.594,96.881
2013/10/9,96.883,97.637,96.823,97.365
2013/10/10,97.365,98.33,97.348,98.273
2013/10/11,98.276,98.569,97.916,98.546
2013/10/14,98.16,98.684,98.092,98.641
2013/10/15,98.646,98.701,97.989,98.201
2013/10/16,98.211,98.966,98.133,98.784
2013/10/17,98.783,98.999,97.736,97.903
2013/10/18,97.899,98.154,97.553,97.847
2013/10/21,97.921,98.238,97.836,98.174
2013/10/22,98.174,98.481,97.846,98.104
2013/10/23,98.104,98.19,97.154,97.328
2013/10/24,97.322,97.612,97.164,97.319
2013/10/25,97.324,97.485,96.938,97.384
2013/10/28,97.52,97.784,97.441,97.688
2013/10/29,97.683,98.267,97.457,98.159
2013/10/30,98.159,98.672,98.051,98.51
2013/10/31,98.51,98.565,98.085,98.349
2013/11/1,98.349,98.845,97.806,98.663
2013/11/4,98.688,98.838,98.533,98.65
2013/11/5,98.649,98.661,98.167,98.532
2013/11/6,98.531,98.75,98.401,98.633
2013/11/7,98.637,99.408,97.611,98.185
2013/11/8,98.185,99.215,97.973,99.154
2013/11/11,99.155,99.297,98.921,99.157
2013/11/12,99.157,99.8,99.102,99.62
2013/11/13,99.64,99.67,99.099,99.271
2013/11/14,99.27,100.15,99.131,100.06
2013/11/15,100.07,100.43,99.94,100.21
2013/11/18,100.25,100.39,99.79,99.93
2013/11/19,99.93,100.25,99.57,100.19
2013/11/20,100.19,100.24,99.79,100.05
2013/11/21,100.05,101.18,100.03,101.17
2013/11/22,101.17,101.35,100.95,101.32
2013/11/25,101.27,101.91,101.14,101.52
2013/11/26,101.52,101.65,101.15,101.3
2013/11/27,101.3,102.27,101.18,102.23
2013/11/28,102.23,102.37,101.93,102.29
2013/11/29,102.29,102.61,102.12,102.41
2013/12/2,102.48,103.13,102.22,102.94
2013/12/3,102.94,103.37,101.97,102.43
2013/12/4,102.43,102.83,101.82,102.33
2013/12/5,102.33,102.44,101.62,101.78
2013/12/6,101.79,102.96,101.63,102.86
2013/12/9,103.14,103.32,102.89,103.28
2013/12/10,103.28,103.39,102.57,102.87
2013/12/11,102.87,102.94,102.15,102.46
2013/12/12,102.46,103.62,102.41,103.56
2013/12/13,103.56,103.92,102.99,103.22
2013/12/16,103.14,103.29,102.64,103.09
2013/12/17,103.09,103.1,102.5,102.57
2013/12/18,102.57,104.36,102.56,104.26
2013/12/19,104.26,104.36,103.78,104.22
2013/12/20,104.23,104.63,103.86,104.06
2013/12/23,103.96,104.22,103.77,104.19
2013/12/24,104.19,104.41,104.13,104.26
2013/12/26,104.43,104.83,104.37,104.81
2013/12/27,104.81,105.18,104.65,105.18
2013/12/30,105.32,105.41,104.96,105.07
2013/12/31,105.07,105.32,104.86,105.28
2014/1/2,105.36,105.44,104.54,104.83
2014/1/3,104.83,104.87,104.07,104.78
2014/1/6,104.85,104.95,103.91,104.2
2014/1/7,104.21,104.73,104.18,104.67
2014/1/8,104.68,105.12,104.62,104.88
2014/1/9,104.88,105.05,104.58,104.83
2014/1/10,104.83,105.31,103.83,104.07
2014/1/13,104.08,104.12,102.85,103.07
2014/1/14,103.06,104.29,103.02,104.25
2014/1/15,104.25,104.69,104.09,104.57
2014/1/16,104.57,104.92,104.15,104.33
2014/1/17,104.34,104.47,104.19,104.28
2014/1/20,104.29,104.3,103.86,104.18
2014/1/21,104.17,104.75,104.02,104.3
2014/1/22,104.3,104.57,103.97,104.54
2014/1/23,104.54,104.84,102.97,103.35
2014/1/24,103.36,103.58,102,102.25
2014/1/27,102.04,102.93,101.92,102.65
2014/1/28,102.65,103.44,102.52,103.36
2014/1/29,103.37,103.42,101.84,102.16
2014/1/30,102.16,102.89,102.09,102.78
2014/1/31,102.79,102.93,101.95,102.16
2014/2/3,102.14,102.41,100.78,101.12
2014/2/4,101.09,101.68,100.75,101.62
2014/2/5,101.62,101.76,100.8,101.49
2014/2/6,101.49,102.17,101.24,101.97
2014/2/7,101.97,102.58,101.43,102.26
2014/2/10,102.6,102.64,101.99,102.22
2014/2/11,102.22,102.7,102.07,102.62
2014/2/12,102.62,102.64,102.22,102.53
2014/2/13,102.53,102.54,101.7,102.23
2014/2/14,102.25,102.4,101.57,101.8
2014/2/17,101.72,101.98,101.38,101.95
2014/2/18,101.95,102.74,101.76,102.4
2014/2/19,102.4,102.46,101.85,102.32
2014/2/20,102.32,102.42,101.67,102.35
2014/2/21,102.35,102.83,102.29,102.56
2014/2/24,102.55,102.67,102.16,102.48
2014/2/25,102.48,102.62,102.01,102.2
2014/2/26,102.2,102.61,102.1,102.36
2014/2/27,102.37,102.44,101.72,102.17
2014/2/28,102.17,102.29,101.55,101.77
2014/3/3,101.48,101.56,101.2,101.43
2014/3/4,101.43,102.28,101.4,102.25
2014/3/5,102.25,102.55,102.11,102.36
2014/3/6,102.36,103.17,102.33,103.08
2014/3/7,103.08,103.75,102.84,103.3
2014/3/10,103.17,103.4,102.94,103.3
2014/3/11,103.3,103.42,102.85,102.95
2014/3/12,102.95,103.1,102.55,102.73
2014/3/13,102.73,102.86,101.54,101.86
2014/3/14,101.86,101.87,101.21,101.33
2014/3/17,101.36,101.87,101.29,101.81
2014/3/18,101.81,101.94,101.28,101.38
2014/3/19,101.38,102.68,101.3,102.37
2014/3/20,102.37,102.54,102.21,102.39
2014/3/21,102.39,102.42,102.02,102.21
2014/3/24,102.22,102.65,102.13,102.22
2014/3/25,102.22,102.48,102.09,102.29
2014/3/26,102.29,102.46,101.87,102.04
2014/3/27,102.04,102.43,101.72,102.19
2014/3/28,102.19,102.98,102.03,102.82
2014/3/31,102.89,103.43,102.79,103.22
2014/4/1,103.22,103.71,103.09,103.69
2014/4/2,103.69,103.93,103.58,103.86
2014/4/3,103.86,104.11,103.81,103.92
2014/4/4,103.92,104.12,103.19,103.25
2014/4/7,103.34,103.39,102.99,103.05
2014/4/8,103.06,103.11,101.55,101.86
2014/4/9,101.86,102.15,101.72,101.98
2014/4/10,101.98,102.13,101.33,101.44
2014/4/11,101.44,101.86,101.32,101.63
2014/4/14,101.6,102.01,101.41,101.85
2014/4/15,101.86,101.99,101.5,101.84
2014/4/16,101.85,102.36,101.81,102.22
2014/4/17,102.22,102.46,101.86,102.4
2014/4/18,102.4,102.56,102.36,102.43
2014/4/21,102.43,102.7,102.39,102.62
2014/4/22,102.62,102.72,102.41,102.59
2014/4/23,102.59,102.69,102.17,102.53
2014/4/24,102.53,102.64,102.08,102.27
2014/4/25,102.27,102.49,101.96,102.14
2014/4/28,102.13,102.61,102.04,102.48
2014/4/29,102.48,102.78,102.46,102.65
2014/4/30,102.65,102.65,102.03,102.21
2014/5/1,102.21,102.35,102.13,102.32
2014/5/2,102.32,103.02,102.13,102.23
2014/5/5,102.25,102.25,101.86,102.15
2014/5/6,102.15,102.18,101.49,101.73
2014/5/7,101.74,102.01,101.43,101.86
2014/5/8,101.87,101.95,101.46,101.65
2014/5/9,101.65,101.85,101.55,101.81
2014/5/12,101.86,102.18,101.81,102.14
2014/5/13,102.14,102.36,102.06,102.26
2014/5/14,102.26,102.27,101.72,101.84
2014/5/15,101.84,102.11,101.31,101.57
2014/5/16,101.57,101.67,101.36,101.54
2014/5/19,101.5,101.6,101.1,101.48
2014/5/20,101.48,101.6,101.19,101.31
2014/5/21,101.31,101.61,100.82,101.42
2014/5/22,101.42,101.82,101.36,101.75
2014/5/23,101.75,102,101.59,101.97
2014/5/26,101.97,102.05,101.84,101.92
2014/5/27,101.92,102.14,101.72,102.02
2014/5/28,102.02,102.03,101.63,101.81
2014/5/29,101.81,101.83,101.43,101.73
2014/5/30,101.74,101.84,101.5,101.79
2014/6/2,101.81,102.48,101.75,102.37
2014/6/3,102.37,102.55,102.27,102.53
2014/6/4,102.53,102.79,102.44,102.72
2014/6/5,102.72,102.73,102.34,102.42
2014/6/6,102.42,102.61,102.11,102.53
2014/6/9,102.55,102.64,102.37,102.55
2014/6/10,102.55,102.57,102.21,102.35
2014/6/11,102.35,102.39,101.86,101.99
2014/6/12,101.99,102.14,101.6,101.74
2014/6/13,101.74,102.14,101.65,101.99
2014/6/16,102.01,102.03,101.72,101.82
2014/6/17,101.82,102.24,101.81,102.16
2014/6/18,102.16,102.32,101.88,101.93
2014/6/19,101.93,102,101.74,101.93
2014/6/20,101.93,102.19,101.81,102.07
2014/6/23,102.07,102.13,101.81,101.91
2014/6/24,101.91,102.16,101.82,101.96
2014/6/25,101.96,101.96,101.62,101.83
2014/6/26,101.83,101.85,101.49,101.67
2014/6/27,101.68,101.7,101.31,101.41
2014/6/30,101.43,101.47,101.24,101.3
2014/7/1,101.3,101.59,101.29,101.55
2014/7/2,101.55,101.84,101.41,101.77
2014/7/3,101.77,102.26,101.76,102.2
2014/7/4,102.2,102.22,101.97,102.06
2014/7/7,102.06,102.2,101.78,101.87
2014/7/8,101.87,101.88,101.48,101.54
2014/7/9,101.54,101.85,101.44,101.63
2014/7/10,101.63,101.64,101.06,101.31
2014/7/11,101.31,101.38,101.22,101.32
2014/7/14,101.33,101.62,101.33,101.54
2014/7/15,101.55,101.75,101.43,101.68
2014/7/16,101.68,101.79,101.63,101.66
2014/7/17,101.66,101.67,101.12,101.16
2014/7/18,101.16,101.45,101.08,101.35
2014/7/21,101.35,101.42,101.2,101.41
2014/7/22,101.41,101.6,101.33,101.47
2014/7/23,101.47,101.55,101.31,101.54
2014/7/24,101.54,101.85,101.42,101.8
2014/7/25,101.81,101.94,101.72,101.83
2014/7/28,101.79,101.9,101.75,101.84
2014/7/29,101.84,102.16,101.82,102.12
2014/7/30,102.12,103.08,102.04,102.8
2014/7/31,102.8,103,102.72,102.8
2014/8/1,102.8,103.03,102.34,102.59
2014/8/4,102.56,102.73,102.4,102.55
2014/8/5,102.55,102.92,102.46,102.62
2014/8/6,102.61,102.65,101.79,102.12
2014/8/7,102.12,102.46,102,102.1
2014/8/8,102.1,102.14,101.51,102.07
2014/8/11,102.11,102.22,102.02,102.19
2014/8/12,102.19,102.36,102.09,102.25
2014/8/13,102.25,102.54,102.22,102.42
2014/8/14,102.42,102.65,102.31,102.48
2014/8/15,102.48,102.71,102.14,102.33
2014/8/18,102.37,102.59,102.25,102.57
2014/8/19,102.57,102.93,102.52,102.92
2014/8/20,102.92,103.84,102.9,103.7
2014/8/21,103.7,103.96,103.6,103.83
2014/8/22,103.83,104.19,103.5,103.95
2014/8/25,104.21,104.27,103.86,104.04
2014/8/26,104.05,104.17,103.75,104.09
2014/8/27,104.08,104.16,103.78,103.87
2014/8/28,103.88,103.92,103.56,103.71
2014/8/29,103.71,104.11,103.65,104.04
2014/9/1,104.17,104.35,104.1,104.32
2014/9/2,104.32,105.21,104.29,105.1
2014/9/3,105.09,105.31,104.74,104.85
2014/9/4,104.85,105.36,104.76,105.31
2014/9/5,105.31,105.7,104.68,105.08
2014/9/8,105.14,106.08,104.99,105.96
2014/9/9,105.96,106.47,105.94,106.2
2014/9/10,106.21,106.88,106.04,106.84
2014/9/11,106.82,107.19,106.64,107.01
2014/9/12,107.01,107.39,107.01,107.33
2014/9/15,107.28,107.36,107.01,107.18
2014/9/16,107.19,107.33,106.8,107.14
2014/9/17,107.14,108.52,107.1,108.47
2014/9/18,108.47,108.96,108.37,108.76
2014/9/19,108.76,109.45,108.59,108.94
2014/9/22,109.02,109.19,108.66,108.81
2014/9/23,108.81,108.99,108.25,108.86
2014/9/24,108.86,109.15,108.46,109.07
2014/9/25,109.07,109.36,108.52,108.74
2014/9/26,108.74,109.51,108.47,109.29
2014/9/29,109.32,109.74,109.12,109.44
2014/9/30,109.45,109.84,109.18,109.6
2014/10/1,109.6,110.08,108.86,108.98
2014/10/2,108.98,109.11,108.01,108.39
2014/10/3,108.39,109.9,108.37,109.78
2014/10/6,109.73,109.85,108.65,108.73
2014/10/7,108.73,109.23,107.82,108.14
2014/10/8,108.14,108.74,107.75,108.13
2014/10/9,108.13,108.31,107.53,107.81
2014/10/10,107.81,108.15,107.62,107.74
2014/10/13,107.48,107.57,106.75,106.98
2014/10/14,106.98,107.31,106.67,107.13
2014/10/15,107.13,107.49,105.2,106.05
2014/10/16,106.06,106.46,105.5,106.28
2014/10/17,106.28,106.94,106.13,106.91
2014/10/20,107.06,107.39,106.78,106.96
2014/10/21,106.96,107.11,106.25,107.08
2014/10/22,107.08,107.37,106.79,107.2
2014/10/23,107.19,108.35,107.1,108.3
2014/10/24,108.29,108.29,107.78,108.11
2014/10/27,108.18,108.21,107.6,107.83
2014/10/28,107.84,108.18,107.69,108.1
2014/10/29,108.1,108.96,107.94,108.8
2014/10/30,108.8,109.46,108.75,109.35
2014/10/31,109.35,112.47,109.17,112.29
2014/11/3,112.95,114.21,112.57,113.78
2014/11/4,113.78,113.82,113.18,113.42
2014/11/5,113.43,114.84,113.42,114.73
2014/11/6,114.73,115.5,114.06,115.21
2014/11/7,115.21,115.53,114.25,114.61
2014/11/10,114.49,114.9,113.86,114.83
2014/11/11,114.83,116.1,114.64,115.84
2014/11/12,115.82,115.88,114.88,115.57
2014/11/13,115.57,115.87,115.37,115.76
2014/11/14,115.76,116.82,115.72,116.28
2014/11/17,116.59,117.05,115.45,116.66
2014/11/18,116.65,117.04,116.34,116.91
2014/11/19,116.91,118.19,116.81,118.17
2014/11/20,118.15,118.97,117.74,118.25
2014/11/21,118.25,118.36,117.35,117.71
2014/11/24,117.85,118.46,117.56,118.3
2014/11/25,118.26,118.56,117.68,117.89
2014/11/26,117.9,117.91,117.42,117.56
2014/11/27,117.58,117.97,117.22,117.86
2014/11/28,117.86,118.75,117.82,118.66
2014/12/1,118.82,119.11,117.85,118.26
2014/12/2,118.27,119.27,118.21,119.2
2014/12/3,119.2,119.84,119.12,119.81
2014/12/4,119.81,120.23,119.32,119.81
2014/12/5,119.81,121.67,119.69,121.4
2014/12/8,121.79,121.8,120.19,120.52
2014/12/9,120.53,120.98,117.93,119.53
2014/12/10,119.53,119.89,117.7,117.92
2014/12/11,117.92,119.54,117.43,118.83
2014/12/12,118.83,119.18,118.04,118.64
2014/12/15,118.22,119.04,117.55,117.81
2014/12/16,117.81,117.95,115.55,116.49
2014/12/17,116.49,118.88,116.43,118.86
2014/12/18,118.86,119.29,118.24,118.92
2014/12/19,118.95,119.6,118.81,119.52
2014/12/22,119.54,120.08,119.31,120.06
2014/12/23,120.08,120.82,120.05,120.71
2014/12/24,120.73,120.75,120.28,120.45
2014/12/26,120.27,120.45,120.16,120.39
2014/12/29,120.38,120.73,120.17,120.66
2014/12/30,120.66,120.68,118.86,119.43
2014/12/31,119.43,119.95,119.25,119.81
2015/1/2,119.83,120.73,119.78,120.47
2015/1/5,120.53,120.62,119.25,119.29
2015/1/6,119.29,119.5,118.05,118.58
2015/1/7,118.56,119.64,118.52,119.32
2015/1/8,119.32,119.96,119.19,119.77
2015/1/9,119.76,119.87,118.43,118.56
2015/1/12,118.24,119.3,118.1,118.36
2015/1/13,118.36,118.85,117.56,117.89
2015/1/14,117.89,117.92,116.1,117.22
2015/1/15,117.24,117.92,115.88,116.17
2015/1/16,116.18,117.75,115.84,117.62
2015/1/19,117.41,117.77,116.92,117.64
2015/1/20,117.64,118.85,117.63,118.66
2015/1/21,118.66,118.74,117.17,117.91
2015/1/22,117.91,118.68,117.23,118.61
2015/1/23,118.61,118.8,117.53,117.8
2015/1/26,117.63,118.48,117.25,118.4
2015/1/27,118.4,118.64,117.32,117.73
2015/1/28,117.73,118.24,117.24,117.47
2015/1/29,117.47,118.47,117.37,118.32
2015/1/30,118.32,118.44,117.28,117.41
2015/2/2,117.11,117.85,117.02,117.67
2015/2/3,117.66,117.72,116.86,117.54
2015/2/4,117.54,117.98,117.05,117.3
2015/2/5,117.3,117.58,117.01,117.48
2015/2/6,117.48,119.2,117.16,118.84
2015/2/9,119.04,119.05,118.32,118.62
2015/2/10,118.61,119.59,118.38,119.41
2015/2/11,119.41,120.46,119.27,120.29
2015/2/12,120.28,120.35,118.49,119.13
2015/2/13,119.13,119.18,118.4,118.75
2015/2/16,118.61,118.75,118.26,118.49
2015/2/17,118.48,119.4,118.22,119.18
2015/2/18,119.18,119.39,118.53,118.7
2015/2/19,118.7,119.16,118.42,119.02
2015/2/20,119.02,119.17,118.28,119.06
2015/2/23,119.05,119.33,118.72,118.81
2015/2/24,118.82,119.82,118.75,118.96
2015/2/25,118.96,119.05,118.61,118.81
2015/2/26,118.82,119.48,118.66,119.36
2015/2/27,119.35,119.78,119.1,119.59
2015/3/2,119.67,120.17,119.65,120.17
2015/3/3,120.17,120.24,119.36,119.65
2015/3/4,119.66,119.8,119.46,119.69
2015/3/5,119.69,120.37,119.61,120.08
2015/3/6,120.07,121.26,119.89,120.69
2015/3/9,120.68,121.39,120.6,121.24
2015/3/10,121.24,122,120.91,121.1
2015/3/11,121.1,121.6,120.86,121.4
2015/3/12,121.4,121.65,120.66,121.32
2015/3/13,121.32,121.55,121.12,121.42
2015/3/16,121.35,121.44,121.08,121.34
2015/3/17,121.34,121.49,121.1,121.33
2015/3/18,121.33,121.38,119.31,120.28
2015/3/19,120.28,121.03,119.67,120.83
2015/3/20,120.83,121.19,119.9,120.08
2015/3/23,120.04,120.17,119.58,119.63
2015/3/24,119.63,119.99,119.23,119.73
2015/3/25,119.74,119.83,119.24,119.47
2015/3/26,119.47,119.58,118.33,119.22
2015/3/27,119.22,119.49,118.94,119.15
2015/3/30,119.18,120.23,119.12,120.12
2015/3/31,120.112,120.364,119.784,120.082
2015/4/1,120.08,120.33,119.42,119.68
2015/4/2,119.68,119.89,119.46,119.75
2015/4/3,119.74,119.93,118.72,118.96
2015/4/6,118.87,119.68,118.8,119.5
2015/4/7,119.5,120.45,119.44,120.32
2015/4/8,120.32,120.35,119.65,120.17
2015/4/9,120.17,120.74,119.86,120.58
2015/4/10,120.58,120.63,120.06,120.2
2015/4/13,120.27,120.85,119.78,120.14
2015/4/14,120.12,120.18,119.08,119.37
2015/4/15,119.37,119.75,118.79,119.12
2015/4/16,119.12,119.47,118.8,119
2015/4/17,119.01,119.26,118.57,118.83
2015/4/20,118.94,119.44,118.54,119.26
2015/4/21,119.26,119.83,119.18,119.69
2015/4/22,119.69,119.96,119.35,119.93
2015/4/23,119.93,120.09,119.43,119.59
2015/4/24,119.59,119.66,118.83,118.88
2015/4/27,118.89,119.43,118.78,119.1
2015/4/28,119.11,119.2,118.78,118.85
2015/4/29,118.85,119.36,118.61,119.11
2015/4/30,119.11,119.89,118.54,119.43
2015/5/1,119.42,120.29,119.41,120.18
2015/5/4,120.23,120.27,120,120.14
2015/5/5,120.15,120.51,119.74,119.86
2015/5/6,119.86,120.05,119.22,119.46
2015/5/7,119.46,119.86,119.06,119.7
2015/5/8,119.7,120.23,119.6,119.72
2015/5/11,119.76,120.16,119.72,120.13
2015/5/12,120.13,120.28,119.78,119.84
2015/5/13,119.84,119.97,119.04,119.18
2015/5/14,119.18,119.34,118.89,119.19
2015/5/15,119.19,119.93,119.16,119.33
2015/5/18,119.39,120.04,119.34,119.99
2015/5/19,119.99,120.74,119.83,120.64
2015/5/20,120.65,121.48,120.59,121.29
2015/5/21,121.29,121.31,120.85,121.08
2015/5/22,121.08,121.57,120.64,121.56
2015/5/25,121.57,121.78,121.45,121.55
2015/5/26,121.55,123.32,121.54,123.05
2015/5/27,123.06,124.07,122.78,123.71
2015/5/28,123.72,124.46,123.5,123.94
2015/5/29,123.95,124.19,123.61,124.11
2015/6/1,124.17,124.92,123.88,124.77
2015/6/2,124.77,125.05,123.76,124.09
2015/6/3,124.09,124.68,123.8,124.28
2015/6/4,124.28,124.68,123.79,124.46
2015/6/5,124.46,125.85,124.36,125.65
2015/6/8,125.58,125.68,124.31,124.6
2015/6/9,124.57,124.74,123.86,124.34
2015/6/10,124.34,124.62,122.46,122.76
2015/6/11,122.76,124.12,122.72,123.5
2015/6/12,123.5,123.82,123.14,123.4
2015/6/15,123.23,123.66,123.22,123.41
2015/6/16,123.41,123.79,123.3,123.38
2015/6/17,123.38,124.45,123.21,123.43
2015/6/18,123.43,123.6,122.49,122.95
2015/6/19,122.95,123.22,122.56,122.71
2015/6/22,122.93,123.42,122.56,123.36
2015/6/23,123.36,124.18,123.35,123.92
2015/6/24,123.92,124.38,123.72,123.91
2015/6/25,123.91,123.95,123.33,123.66
2015/6/26,123.65,123.99,123.23,123.8
2015/6/29,122.72,123.19,122.11,122.56
2015/6/30,122.548,122.725,121.948,122.403
2015/7/1,122.4,123.24,122.36,123.18
2015/7/2,123.18,123.73,122.96,123.06
2015/7/3,123.07,123.18,122.6,122.77
2015/7/6,122,122.93,121.89,122.57
2015/7/7,122.57,122.87,122.01,122.47
2015/7/8,122.46,122.56,120.42,120.63
2015/7/9,120.6,121.58,120.47,121.52
2015/7/10,121.49,122.88,121.49,122.8
2015/7/13,122.56,123.54,122.42,123.46
2015/7/14,123.46,123.73,122.94,123.38
2015/7/15,123.38,123.97,123.27,123.77
2015/7/16,123.78,124.18,123.74,124.14
2015/7/17,124.14,124.23,123.92,124.07
2015/7/20,124.14,124.38,124.08,124.31
2015/7/21,124.31,124.48,123.77,123.88
2015/7/22,123.88,124.15,123.57,123.94
2015/7/23,123.94,124.18,123.68,123.93
2015/7/24,123.92,124.1,123.6,123.81
2015/7/27,123.74,123.84,123.01,123.25
2015/7/28,123.25,123.79,123.08,123.6
2015/7/29,123.6,124.02,123.33,123.98
2015/7/30,123.99,124.58,123.88,124.21
2015/7/31,124.2,124.38,123.52,123.95
2015/8/3,123.93,124.27,123.86,124
2015/8/4,124,124.4,123.8,124.37
2015/8/5,124.37,125.01,124.02,124.88
2015/8/6,124.88,124.96,124.55,124.71
2015/8/7,124.71,125.07,124.11,124.22
2015/8/10,124.22,124.78,124.22,124.58
2015/8/11,124.58,125.21,124.53,125.12
2015/8/12,125.12,125.28,123.8,124.2
2015/8/13,124.2,124.63,124.07,124.41
2015/8/14,124.41,124.53,124.06,124.29
2015/8/17,124.26,124.57,124.23,124.42
2015/8/18,124.42,124.51,124.18,124.38
2015/8/19,124.38,124.47,123.71,123.89
2015/8/20,123.89,124.15,123.34,123.41
2015/8/21,123.41,123.5,121.82,122.13
2015/8/24,121.98,122.03,116.35,118.63
2015/8/25,118.63,120.39,118.26,118.92
2015/8/26,118.91,120.27,118.46,120.23
2015/8/27,120.23,121.4,119.8,121.15
2015/8/28,121.15,121.55,120.66,121.44
2015/8/31,121.59,121.59,120.88,121.25
2015/9/1,121.24,121.24,119.23,119.39
2015/9/2,119.39,120.45,119.38,120.35
2015/9/3,120.36,120.7,119.65,120.1
2015/9/4,120.1,120.19,118.63,119.07
2015/9/7,118.98,119.59,118.81,119.27
2015/9/8,119.27,120.22,118.86,119.9
2015/9/9,119.9,121.2,119.88,120.37
2015/9/10,120.39,121.32,119.98,120.69
2015/9/11,120.69,120.97,120.36,120.56
2015/9/14,120.54,120.84,119.85,120.23
2015/9/15,120.23,120.63,119.4,120.41
2015/9/16,120.41,120.73,120.11,120.59
2015/9/17,120.59,120.99,119.8,120.2
2015/9/18,120.2,120.39,119.06,119.97
2015/9/21,120.13,120.66,119.73,120.57
2015/9/22,120.57,120.58,119.7,120.14
2015/9/23,120.14,120.55,119.63,120.22
2015/9/24,120.21,120.39,119.23,120.26
2015/9/25,120.26,121.23,120.03,120.58
2015/9/28,120.51,120.59,119.7,119.94
2015/9/29,119.94,120.16,119.25,119.79
2015/9/30,119.786,120.348,119.565,119.877
2015/10/1,119.88,120.28,119.5,119.89
2015/10/2,119.9,120.4,118.69,120.05
2015/10/5,120.02,120.55,119.87,120.48
2015/10/6,120.48,120.57,120.11,120.23
2015/10/7,120.23,120.36,119.75,119.99
2015/10/8,119.99,120.11,119.63,119.92
2015/10/9,119.91,120.35,119.84,120.24
2015/10/12,120.21,120.27,119.9,120.05
2015/10/13,120.05,120.08,119.55,119.76
2015/10/14,119.77,119.78,118.64,118.76
2015/10/15,118.76,119.16,118.07,118.88
2015/10/16,118.88,119.66,118.83,119.5
2015/10/19,119.33,119.62,119.14,119.47
2015/10/20,119.47,119.96,119.41,119.87
2015/10/21,119.87,120.09,119.76,119.94
2015/10/22,119.94,120.77,119.62,120.7
2015/10/23,120.7,121.47,120.23,121.42
2015/10/26,121.39,121.43,120.63,121.04
2015/10/27,121.03,121.08,120.17,120.44
2015/10/28,120.44,121.26,120.25,121.09
2015/10/29,121.09,121.18,120.6,120.96
2015/10/30,120.956,121.484,120.282,120.656
2015/11/2,120.48,120.81,120.26,120.75
2015/11/3,120.75,121.23,120.6,121.08
2015/11/4,121.08,121.71,121.01,121.52
2015/11/5,121.52,122,121.39,121.7
2015/11/6,121.7,123.27,121.63,123.19
2015/11/9,123.32,123.6,122.98,123.07
2015/11/10,123.08,123.44,123.03,123.21
2015/11/11,123.21,123.23,122.74,122.81
2015/11/12,122.8,123.07,122.56,122.64
2015/11/13,122.64,122.99,122.45,122.65
2015/11/16,122.37,123.28,122.23,123.25
2015/11/17,123.27,123.49,123.19,123.42
2015/11/18,123.42,123.75,123.22,123.58
2015/11/19,123.58,123.59,122.62,122.95
2015/11/20,122.95,123.05,122.73,122.91
2015/11/23,122.88,123.26,122.79,122.88
2015/11/24,122.89,122.96,122.31,122.52
2015/11/25,122.52,122.93,122.26,122.7
2015/11/26,122.7,122.72,122.51,122.63
2015/11/27,122.63,122.88,122.31,122.86
2015/11/30,122.768,123.339,122.688,123.151
2015/12/1,123.15,123.276,122.645,122.908
2015/12/2,122.909,123.669,122.828,123.273
2015/12/3,123.287,123.561,122.3,122.654
2015/12/4,122.65,123.37,122.48,123.17
2015/12/7,123.21,123.48,123.15,123.37
2015/12/8,123.38,123.39,122.72,122.9
2015/12/9,122.9,123.05,121.08,121.65
2015/12/10,121.637,121.863,121.247,121.66
2015/12/11,121.659,122.232,120.587,120.874
2015/12/14,121.08,121.36,120.35,120.91
2015/12/15,120.91,121.79,120.58,121.68
2015/12/16,121.673,122.43,121.392,122.325
2015/12/17,122.334,122.875,122.223,122.524
2015/12/18,122.525,123.533,121.062,121.254
2015/12/21,121.328,121.506,120.868,121.239
2015/12/22,121.24,121.307,120.728,121.035
2015/12/23,121.035,121.135,120.816,120.924
2015/12/24,120.924,120.981,120.252,120.279
2015/12/28,120.276,120.631,120.177,120.369
2015/12/29,120.367,120.514,120.238,120.497
2015/12/30,120.5,120.656,120.354,120.515
2015/12/31,120.514,120.583,120.006,120.191
2016/1/4,120.295,120.466,118.706,119.316
2016/1/5,119.316,119.693,118.801,119.122
2016/1/6,119.123,119.165,118.253,118.473
2016/1/7,118.47,118.749,117.331,117.604
2016/1/8,117.602,118.829,117.453,117.491
2016/1/11,116.826,118.019,116.819,117.724
2016/1/12,117.712,118.052,117.233,117.739
2016/1/13,117.74,118.377,117.606,117.637
2016/1/14,117.639,118.281,117.298,118.149
2016/1/15,118.147,118.272,116.511,116.978
2016/1/18,116.908,117.44,116.868,117.397
2016/1/19,117.401,118.11,117.236,117.62
2016/1/20,117.618,117.678,115.981,116.982
2016/1/21,116.982,117.855,116.47,117.786
2016/1/22,117.781,118.873,117.553,118.806
2016/1/25,118.74,118.857,118.178,118.342
2016/1/26,118.343,118.618,117.674,118.448
2016/1/27,118.443,119.073,118.047,118.597
2016/1/28,118.597,118.993,118.417,118.8
2016/1/29,118.797,121.688,118.526,121.07
2016/2/1,121.391,121.486,120.682,121.019
2016/2/2,121.02,121.021,119.696,119.75
2016/2/3,119.747,120.046,117.056,118.065
2016/2/4,118.063,118.237,116.529,116.88
2016/2/5,116.873,117.419,116.353,116.973
2016/2/8,116.936,117.526,115.2,115.49
2016/2/9,115.489,115.734,114.236,115.112
2016/2/10,115.108,115.259,113.123,113.518
2016/2/11,113.518,113.558,110.994,112.561
2016/2/12,112.559,113.536,111.686,113.298
2016/2/15,113.54,114.729,113.276,114.455
2016/2/16,114.455,114.876,113.605,114.224
2016/2/17,114.232,114.504,113.377,114.105
2016/2/18,114.106,114.317,113.144,113.329
2016/2/19,113.323,113.379,112.314,112.634
2016/2/22,112.591,113.387,112.434,112.924
2016/2/23,112.925,113.055,111.781,111.984
2016/2/24,111.988,112.264,111.056,112.051
2016/2/25,112.049,113.025,111.899,112.909
2016/2/26,112.903,113.988,112.563,113.943
2016/2/29,113.694,113.855,112.21,112.37
2016/3/1,112.334,114.182,112.164,114.049
2016/3/2,114.046,114.554,113.222,113.609
2016/3/3,113.609,114.269,113.3,113.73
2016/3/4,113.728,114.253,113.141,113.956
2016/3/7,113.866,113.887,113.231,113.364
2016/3/8,113.355,113.521,112.423,112.685
2016/3/9,112.675,113.454,112.233,113.303
2016/3/10,113.313,114.442,112.622,113.154
2016/3/11,113.158,113.919,112.762,113.811
2016/3/14,113.699,114.006,113.509,113.796
2016/3/15,113.792,114.062,112.649,113.192
2016/3/16,113.195,113.816,112.333,112.762
2016/3/17,112.761,112.959,110.673,111.405
2016/3/18,111.405,111.756,110.824,111.543
2016/3/21,111.527,112.158,111.223,112.125
2016/3/22,112.124,112.49,111.382,112.318
2016/3/23,112.318,112.906,112.143,112.388
2016/3/24,112.388,112.993,112.301,112.791
2016/3/28,113.329,113.688,113.152,113.399
2016/3/29,113.398,113.8,112.614,112.705
2016/3/30,112.705,112.806,112.023,112.45
2016/3/31,112.45,112.655,112.113,112.542
2016/4/1,112.542,112.58,111.598,111.654
2016/4/4,111.577,111.799,111.098,111.317
2016/4/5,111.318,111.335,109.946,110.34
2016/4/6,110.338,110.643,109.346,109.742
2016/4/7,109.743,109.898,107.672,108.264
2016/4/8,108.271,109.099,108.159,108.168
2016/4/11,108.094,108.435,107.644,107.968
2016/4/12,107.973,108.786,107.877,108.618
2016/4/13,108.618,109.405,108.513,109.275
2016/4/14,109.275,109.547,108.904,109.418
2016/4/15,109.418,109.733,108.605,108.727
2016/4/18,108.173,108.988,107.841,108.857
2016/4/19,108.856,109.486,108.792,109.269
2016/4/20,109.269,109.878,108.765,109.741
2016/4/21,109.739,109.899,109.327,109.428
2016/4/22,109.434,111.806,109.268,111.624
2016/4/25,111.793,111.804,110.847,111.238
2016/4/26,111.23,111.473,110.673,111.297
2016/4/27,111.296,111.75,111.033,111.45
2016/4/28,111.455,111.883,107.884,108.112
2016/4/29,108.113,108.2,106.282,106.476
2016/5/2,106.333,106.817,106.154,106.413
2016/5/3,106.412,107.451,105.551,106.946
2016/5/4,106.914,107.354,106.253,107.034
2016/5/5,107.034,107.479,106.81,107.274
2016/5/6,107.274,107.417,106.455,107.143
2016/5/9,107.206,108.6,107.169,108.493
2016/5/10,108.491,109.377,108.276,109.348
2016/5/11,109.347,109.347,108.373,108.465
2016/5/12,108.464,109.394,108.23,109.043
2016/5/13,109.044,109.533,108.516,108.646
2016/5/16,108.668,109.094,108.47,109.064
2016/5/17,109.065,109.649,108.848,109.128
2016/5/18,109.129,110.255,108.733,110.186
2016/5/19,110.185,110.383,109.702,109.96
2016/5/20,109.956,110.588,109.852,110.156
2016/5/23,110.141,110.242,109.112,109.227
2016/5/24,109.224,110.131,109.171,109.983
2016/5/25,109.976,110.448,109.867,110.181
2016/5/26,110.176,110.231,109.419,109.754
2016/5/27,109.753,110.449,109.479,110.421
2016/5/30,110.414,111.442,110.402,111.143
2016/5/31,111.139,111.348,110.504,110.738
2016/6/1,110.735,110.826,109.058,109.473
2016/6/2,109.461,109.583,108.526,108.848
2016/6/3,108.848,109.136,106.556,106.638
2016/6/6,106.511,107.655,106.441,107.537
2016/6/7,107.537,107.904,107.155,107.332
2016/6/8,107.327,107.384,106.6,106.888
2016/6/9,106.916,107.175,106.266,106.965
2016/6/10,106.975,107.262,106.558,106.775
2016/6/13,106.816,106.841,105.741,106.13
2016/6/14,106.124,106.413,105.633,106.018
2016/6/15,106.019,106.389,105.504,106.002
2016/6/16,106,106,103.552,104.322
2016/6/17,104.324,104.822,104.102,104.187
2016/6/20,104.734,104.844,103.782,103.974
2016/6/21,103.978,105.058,103.597,104.777
2016/6/22,104.778,104.977,104.321,104.813
2016/6/23,104.813,106.809,104.129,106.586
2016/6/24,106.578,106.589,99.101,102.268
2016/6/27,101.854,102.477,101.431,101.906
2016/6/28,101.909,102.842,101.577,102.714
2016/6/29,102.714,103.016,102.182,102.902
2016/6/30,102.902,103.393,102.391,103.301
2016/7/1,103.289,103.305,102.444,102.57
2016/7/4,102.664,102.805,102.429,102.536
2016/7/5,102.537,102.588,101.455,101.738
2016/7/6,101.732,101.735,100.209,101.385
2016/7/7,101.386,101.403,100.599,100.77
2016/7/8,100.773,101.269,100.001,100.47
2016/7/11,100.61,102.894,100.541,102.782
2016/7/12,102.771,104.984,102.453,104.755
2016/7/13,104.756,104.878,103.933,104.377
2016/7/14,104.371,105.938,104.002,105.353
2016/7/15,105.365,106.31,105.055,105.49
2016/7/18,105.46,106.264,105.274,106.135
2016/7/19,106.117,106.534,105.65,106.165
2016/7/20,106.157,107.443,105.835,107.218
2016/7/21,107.21,107.489,105.43,106.196
2016/7/22,106.191,106.394,105.569,106.159
2016/7/25,106.195,106.724,105.743,105.834
2016/7/26,105.837,105.89,103.994,104.742
2016/7/27,104.745,106.54,104.691,105.301
2016/7/28,105.301,105.505,104.508,105.286
2016/7/29,105.288,105.546,101.977,102.048
2016/8/1,102.2,102.684,102.118,102.368
2016/8/2,102.361,102.824,100.683,100.921
2016/8/3,100.92,101.57,100.752,101.266
2016/8/4,101.266,101.668,100.865,101.173
2016/8/5,101.173,102.059,100.876,101.777
2016/8/8,101.93,102.653,101.893,102.417
2016/8/9,102.413,102.529,101.792,101.855
2016/8/10,101.855,101.957,100.969,101.184
2016/8/11,101.184,102.055,101.027,101.929
2016/8/12,101.929,102.274,100.851,101.275
2016/8/15,101.242,101.453,100.872,101.27
2016/8/16,101.272,101.289,99.545,100.271
2016/8/17,100.273,101.166,100.053,100.227
2016/8/18,100.225,100.481,99.648,99.939
2016/8/19,99.939,100.456,99.908,100.143
2016/8/22,100.664,100.931,100.225,100.329
2016/8/23,100.32,100.392,99.948,100.194
2016/8/24,100.194,100.611,100.103,100.465
2016/8/25,100.463,100.618,100.306,100.54
2016/8/26,100.541,101.943,100.077,101.843
2016/8/29,101.936,102.391,101.84,101.895
2016/8/30,101.895,103.136,101.756,102.977
2016/8/31,102.977,103.529,102.865,103.36
2016/9/1,103.359,103.999,103.063,103.233
2016/9/2,103.231,104.321,102.821,104.029
2016/9/5,104.062,104.119,103.157,103.431
2016/9/6,103.434,103.806,101.938,102.095
2016/9/7,102.095,102.124,101.207,101.718
2016/9/8,101.72,102.597,101.418,102.392
2016/9/9,102.399,103.054,101.979,102.683
2016/9/12,102.574,102.667,101.577,101.926
2016/9/13,101.934,102.748,101.437,102.547
2016/9/14,102.554,103.349,102.254,102.352
2016/9/15,102.358,102.75,101.942,102.049
2016/9/16,102.049,102.464,101.775,102.32
2016/9/19,102.259,102.419,101.584,101.852
2016/9/20,101.854,102.063,101.546,101.734
2016/9/21,101.738,102.784,100.302,100.435
2016/9/22,100.435,100.931,100.103,100.793
2016/9/23,100.792,101.244,100.679,101.034
2016/9/26,101.02,101.079,100.25,100.309
2016/9/27,100.31,100.989,100.1,100.41
2016/9/28,100.401,100.819,100.266,100.733
2016/9/29,100.73,101.841,100.702,101.099
2016/9/30,101.099,101.768,100.749,101.407
2016/10/3,101.331,101.657,101.214,101.643
2016/10/4,101.636,102.969,101.609,102.897
2016/10/5,102.898,103.668,102.673,103.529
2016/10/6,103.529,104.159,103.35,103.992
2016/10/7,103.988,104.001,102.865,102.914
2016/10/10,103.125,103.785,102.816,103.648
2016/10/11,103.644,104.072,103.189,103.563
2016/10/12,103.561,104.483,103.28,104.233
2016/10/13,104.242,104.633,103.341,103.663
2016/10/14,103.665,104.473,103.612,104.224
2016/10/17,104.346,104.37,103.793,103.895
2016/10/18,103.906,104.199,103.684,103.874
2016/10/19,103.888,103.949,103.176,103.392
2016/10/20,103.392,104.105,103.346,103.971
2016/10/21,103.986,104.203,103.525,103.83
2016/10/24,103.85,104.317,103.724,104.234
2016/10/25,104.235,104.874,104.121,104.217
2016/10/26,104.218,104.619,104.027,104.481
2016/10/27,104.483,105.35,104.302,105.255
2016/10/28,105.255,105.527,104.475,104.714
2016/10/31,104.62,105.232,104.529,104.852
2016/11/1,104.853,105.112,103.803,103.997
2016/11/2,103.998,104.166,103.03,103.346
2016/11/3,103.347,103.443,102.553,102.952
2016/11/4,102.913,103.355,102.844,103.106
2016/11/7,103.864,104.631,103.842,104.528
2016/11/8,104.535,105.24,104.303,105.128
2016/11/9,105.117,105.888,101.166,105.655
2016/11/10,105.656,106.947,104.98,106.791
2016/11/11,106.791,106.932,106.041,106.781
2016/11/14,106.825,108.541,106.741,108.293
2016/11/15,108.294,109.336,107.779,109.045
2016/11/16,109.042,109.756,108.802,108.879
2016/11/17,108.879,110.337,108.562,110.219
2016/11/18,110.21,110.918,109.806,110.823
2016/11/21,110.911,111.35,110.463,110.804
2016/11/22,110.812,111.355,110.275,111.12
2016/11/23,111.119,112.972,110.86,112.477
2016/11/24,112.528,113.528,112.417,113.312
2016/11/25,113.312,113.899,112.562,113.086
2016/11/28,112.876,112.974,111.363,111.829
2016/11/29,111.825,113.336,111.625,112.515
2016/11/30,112.516,114.535,112.07,114.379
2016/12/1,114.379,114.828,113.852,114.18
2016/12/2,114.179,114.191,113.333,113.562
2016/12/5,113.042,114.774,113.006,113.812
2016/12/6,113.812,114.187,113.504,114.028
2016/12/7,114.03,114.394,113.416,113.639
2016/12/8,113.639,114.373,113.141,114.13
2016/12/9,114.129,115.368,114.015,115.249
2016/12/12,115.455,116.125,114.743,114.847
2016/12/13,114.848,115.477,114.783,115.246
2016/12/14,115.252,117.384,114.773,117.233
2016/12/15,117.23,118.656,117.109,118.26
2016/12/16,118.236,118.422,117.494,117.907
2016/12/19,117.876,117.882,116.55,117.089
2016/12/20,117.106,118.243,116.991,117.881
2016/12/21,117.893,118.069,117.113,117.475
2016/12/22,117.478,117.877,117.278,117.549
2016/12/23,117.566,117.611,117.178,117.383
2016/12/27,117.122,117.616,117.112,117.46
2016/12/28,117.452,117.814,116.848,117.061
2016/12/29,117.062,117.156,116.237,116.556
2016/12/30,116.557,117.197,116.051,116.875
2017/1/2,116.882,117.661,116.882,117.316
2017/1/3,117.314,118.606,117.226,117.698
2017/1/4,117.696,118.188,117.061,117.273
2017/1/5,117.276,117.431,115.231,115.445
2017/1/6,115.445,117.177,115.075,116.996
2017/1/9,117.138,117.532,115.676,115.914
2017/1/10,115.921,116.343,115.202,115.833
2017/1/11,115.834,116.848,114.256,115.41
2017/1/12,115.407,115.416,113.771,114.69
2017/1/13,114.723,115.444,114.183,114.551
2017/1/16,114.421,114.463,113.691,114.084
2017/1/17,114.083,114.281,112.577,112.775
2017/1/18,112.793,114.755,112.645,114.554
2017/1/19,114.555,115.618,114.418,115.058
2017/1/20,115.055,115.376,114.224,114.498
2017/1/23,114.394,114.396,112.541,112.559
2017/1/24,112.558,113.893,112.528,113.864
2017/1/25,113.864,113.99,113.046,113.333
2017/1/26,113.341,114.853,113.055,114.549
2017/1/27,114.541,115.375,114.399,115.13
2017/1/30,114.894,114.955,113.459,113.738
2017/1/31,113.739,113.962,112.087,112.674
2017/2/1,112.674,113.954,112.657,113.287
2017/2/2,113.287,113.363,112.06,112.864
2017/2/3,112.866,113.454,112.326,112.694
2017/2/6,112.561,112.772,111.629,111.817
2017/2/7,111.803,112.511,111.604,112.315
2017/2/8,112.315,112.545,111.643,111.845
2017/2/9,111.847,113.351,111.843,113.315
2017/2/10,113.314,113.857,112.861,113.357
2017/2/13,113.646,114.169,113.455,113.765
2017/2/14,113.764,114.5,113.255,114.321
2017/2/15,114.321,114.957,113.884,114.31
2017/2/16,114.305,114.305,113.095,113.277
2017/2/17,113.29,113.501,112.621,112.891
2017/2/20,112.945,113.238,112.8,113.145
2017/2/21,113.145,113.776,113.145,113.706
2017/2/22,113.707,113.731,112.908,113.314
2017/2/23,113.312,113.457,112.555,112.741
2017/2/24,112.729,112.955,111.938,112.081
2017/2/27,112.23,112.838,111.925,112.742
2017/2/28,112.743,112.886,111.695,112.847
2017/3/1,112.847,114.044,112.779,113.771
2017/3/2,113.774,114.587,113.755,114.389
2017/3/3,114.388,114.749,113.902,113.904
2017/3/6,114.095,114.104,113.56,113.948
2017/3/7,113.947,114.151,113.734,113.992
2017/3/8,113.994,114.749,113.612,114.447
2017/3/9,114.448,115.094,114.367,115.092
2017/3/10,115.093,115.506,114.657,114.729
2017/3/13,114.877,114.954,114.486,114.942
2017/3/14,114.944,115.196,114.523,114.696
2017/3/15,114.697,114.884,113.18,113.451
2017/3/16,113.446,113.538,112.911,113.349
2017/3/17,113.347,113.493,112.567,112.684
2017/3/20,112.735,112.897,112.466,112.534
2017/3/21,112.534,112.866,111.436,111.495
2017/3/22,111.502,111.769,110.738,111.3
2017/3/23,111.295,111.579,110.631,111.028
2017/3/24,111.033,111.481,110.632,111.348
2017/3/27,110.941,110.993,110.116,110.639
2017/3/28,110.639,111.197,110.182,111.068
2017/3/29,111.068,111.314,110.723,111.011
2017/3/30,111.011,111.943,110.946,111.84
2017/3/31,111.848,112.193,111.246,111.319
2017/4/3,111.413,111.579,110.851,110.851
2017/4/4,110.852,110.898,110.272,110.704
2017/4/5,110.703,111.45,110.46,110.508
2017/4/6,110.513,111.13,110.294,110.849
2017/4/7,110.848,111.366,110.138,111.217
2017/4/10,111.085,111.577,110.808,110.861
2017/4/11,110.866,110.886,109.54,109.599
2017/4/12,109.61,109.861,108.918,108.99
2017/4/13,108.989,109.39,108.737,109.141
2017/4/14,109.14,109.232,108.553,108.6
2017/4/17,108.734,109.084,108.137,109.017
2017/4/18,109.017,109.222,108.323,108.444
2017/4/19,108.444,109.178,108.383,108.854
2017/4/20,108.852,109.48,108.723,109.289
2017/4/21,109.289,109.424,108.884,109.106
2017/4/24,110.271,110.345,109.663,109.79
2017/4/25,109.787,111.187,109.602,111.08
2017/4/26,111.08,111.777,110.877,111.104
2017/4/27,111.112,111.597,111.054,111.263
2017/4/28,111.265,111.715,111.074,111.478
2017/5/1,111.418,111.923,111.209,111.85
2017/5/2,111.829,112.304,111.783,112.018
2017/5/3,112.019,112.779,111.966,112.668
2017/5/4,112.667,113.043,112.323,112.539
2017/5/5,112.539,112.766,112.094,112.485
2017/5/8,112.877,113.297,112.399,113.272
2017/5/9,113.275,114.326,113.139,113.989
2017/5/10,113.977,114.356,113.637,114.287
2017/5/11,114.287,114.368,113.461,113.825
2017/5/12,113.825,113.954,113.204,113.272
2017/5/15,113.237,113.848,113.204,113.61
2017/5/16,113.604,113.774,112.933,113.108
2017/5/17,113.104,113.106,110.545,110.723
2017/5/18,110.718,111.721,110.24,111.572
2017/5/19,111.581,111.7,111.053,111.249
2017/5/22,111.18,111.609,110.961,111.295
2017/5/23,111.295,111.857,110.863,111.817
2017/5/24,111.817,112.122,111.483,111.566
2017/5/25,111.566,111.952,111.516,111.832
2017/5/26,111.834,111.849,110.88,111.259
2017/5/29,111.284,111.469,111.176,111.275
2017/5/30,111.276,111.301,110.668,110.853
2017/5/31,110.854,111.214,110.498,110.846
2017/6/1,110.838,111.481,110.716,111.37
2017/6/2,111.369,111.71,110.335,110.421
2017/6/5,110.458,110.724,110.321,110.51
2017/6/6,110.509,110.511,109.228,109.365
2017/6/7,109.359,109.882,109.119,109.79
2017/6/8,109.791,110.38,109.385,109.898
2017/6/9,109.857,110.809,109.817,110.234
2017/6/12,110.405,110.442,109.638,109.905
2017/6/13,109.919,110.27,109.827,110.078
2017/6/14,110.077,110.344,108.851,109.674
2017/6/15,109.672,110.978,109.273,110.888
2017/6/16,110.886,111.417,110.653,110.832
2017/6/19,110.834,111.6,110.794,111.568
2017/6/20,111.568,111.787,111.311,111.455
2017/6/21,111.456,111.73,111.07,111.405
2017/6/22,111.424,111.448,110.954,111.283
2017/6/23,111.287,111.427,111.162,111.26
2017/6/26,111.276,111.937,111.202,111.854
2017/6/27,111.855,112.463,111.468,112.281
2017/6/28,112.278,112.413,111.835,112.276
2017/6/29,112.289,112.927,111.823,112.125
2017/6/30,112.126,112.603,111.739,112.468
2017/7/3,112.224,113.47,112.198,113.398
2017/7/4,113.399,113.409,112.747,113.308
2017/7/5,113.309,113.685,112.83,113.197
2017/7/6,113.195,113.47,112.898,113.179
2017/7/7,113.179,114.181,113.106,113.895
2017/7/10,114.033,114.302,113.91,114.066
2017/7/11,114.066,114.495,113.72,113.97
2017/7/12,113.968,113.968,112.929,113.188
2017/7/13,113.19,113.523,112.871,113.288
2017/7/14,113.287,113.577,112.276,112.545
2017/7/17,112.486,112.868,112.33,112.631
2017/7/18,112.631,112.661,111.687,112.071
2017/7/19,112.071,112.228,111.558,111.88
2017/7/20,111.889,112.419,111.493,111.854
2017/7/21,111.847,112.076,111.016,111.099
2017/7/24,111.144,111.299,110.626,111.177
2017/7/25,111.176,111.959,110.83,111.873
2017/7/26,111.871,112.186,111.061,111.12
2017/7/27,111.127,111.711,110.788,111.328
2017/7/28,111.328,111.328,110.554,110.58
2017/7/31,110.66,110.764,110.214,110.253
2017/8/1,110.255,110.59,109.943,110.369
2017/8/2,110.378,110.985,110.286,110.739
2017/8/3,110.739,110.827,109.865,109.98
2017/8/4,109.976,111.049,109.847,110.687
2017/8/7,110.757,110.92,110.648,110.767
2017/8/8,110.769,110.828,110.252,110.32
2017/8/9,110.32,110.32,109.562,109.927
2017/8/10,109.945,110.181,109.119,109.145
2017/8/11,109.149,109.382,108.795,109.101
2017/8/14,109.091,109.799,109.091,109.617
2017/8/15,109.61,110.848,109.609,110.584
2017/8/16,110.583,110.946,110.032,110.118
2017/8/17,110.119,110.357,109.428,109.428
2017/8/18,109.443,109.598,108.61,109.138
2017/8/21,109.279,109.423,108.642,108.948
2017/8/22,108.953,109.653,108.896,109.588
2017/8/23,109.587,109.825,108.921,108.955
2017/8/24,108.961,109.604,108.852,109.56
2017/8/25,109.564,109.837,109.12,109.295
2017/8/28,109.256,109.41,108.753,108.794
2017/8/29,108.793,109.898,108.27,109.638
2017/8/30,109.639,110.44,109.545,110.237
2017/8/31,110.238,110.67,109.885,109.949
2017/9/1,109.941,110.422,109.567,110.265
2017/9/4,109.655,109.926,109.386,109.699
2017/9/5,109.695,109.833,108.634,108.747
2017/9/6,108.73,109.397,108.453,109.246
2017/9/7,109.221,109.265,108.058,108.391
2017/9/8,108.393,108.486,107.325,107.785
2017/9/11,108.243,109.508,108.174,109.374
2017/9/12,109.368,110.254,109.244,110.158
2017/9/13,110.158,110.69,109.914,110.493
2017/9/14,110.498,111.028,110.081,110.236
2017/9/15,110.236,111.333,109.573,110.841
2017/9/18,111.138,111.664,110.999,111.556
2017/9/19,111.559,111.881,111.207,111.578
2017/9/20,111.575,112.531,111.235,112.301
2017/9/21,112.298,112.716,112.137,112.408
2017/9/22,112.412,112.556,111.655,112.064
2017/9/25,112.179,112.518,111.479,111.718
2017/9/26,111.718,112.466,111.501,112.244
2017/9/27,112.243,113.253,112.238,112.81
2017/9/28,112.81,113.2,112.256,112.314
2017/9/29,112.315,112.727,112.22,112.508
2017/10/2,112.517,113.056,112.51,112.723
2017/10/3,112.723,113.196,112.665,112.891
2017/10/4,112.888,112.938,112.326,112.798
2017/10/5,112.797,112.912,112.416,112.79
2017/10/6,112.792,113.439,112.643,112.655
2017/10/9,112.675,112.746,112.331,112.661
2017/10/10,112.663,112.825,111.993,112.374
2017/10/11,112.374,112.582,112.081,112.51
2017/10/12,112.51,112.522,112.128,112.279
2017/10/13,112.279,112.306,111.69,111.884
2017/10/16,111.897,112.289,111.655,112.147
2017/10/17,112.147,112.478,112.039,112.197
2017/10/18,112.197,113.05,112.142,112.96
2017/10/19,112.963,113.148,112.315,112.567
2017/10/20,112.566,113.568,112.516,113.534
2017/10/23,113.839,114.101,113.246,113.479
2017/10/24,113.479,114.005,113.261,113.926
2017/10/25,113.925,114.244,113.486,113.684
2017/10/26,113.684,114.077,113.346,114.012
2017/10/27,114.019,114.445,113.668,113.677
2017/10/30,113.744,113.836,113.031,113.138
2017/10/31,113.139,113.729,112.96,113.643
2017/11/1,113.643,114.279,113.63,114.159
2017/11/2,114.16,114.212,113.552,114.034
2017/11/3,114.034,114.427,113.648,114.066
2017/11/6,114.124,114.735,113.7,113.786
2017/11/7,113.786,114.34,113.714,113.825
2017/11/8,113.823,113.926,113.402,113.866
2017/11/9,113.866,114.067,113.093,113.472
2017/11/10,113.467,113.636,113.225,113.545
2017/11/13,113.595,113.715,113.248,113.607
2017/11/14,113.608,113.911,113.312,113.47
2017/11/15,113.47,113.496,112.496,112.886
2017/11/16,112.884,113.317,112.743,113.11
2017/11/17,113.108,113.144,111.947,112.113
2017/11/20,112.192,112.72,111.888,112.582
2017/11/21,112.583,112.704,112.177,112.469
2017/11/22,112.467,112.477,111.145,111.253
2017/11/23,111.255,111.379,111.069,111.23
2017/11/24,111.23,111.623,111.202,111.558
2017/11/27,111.599,111.694,110.844,111.079
2017/11/28,111.077,111.639,110.935,111.497
2017/11/29,111.497,112.148,111.377,112.006
2017/11/30,112.006,112.696,111.737,112.673
2017/12/1,112.669,112.876,111.429,112.115
2017/12/4,112.737,113.089,112.364,112.5
2017/12/5,112.499,112.866,112.379,112.592
2017/12/6,112.587,112.624,112.001,112.241
2017/12/7,112.241,113.158,112.22,113.085
2017/12/8,113.085,113.59,113.084,113.494
2017/12/11,113.584,113.69,113.245,113.54
2017/12/12,113.541,113.752,113.373,113.545
2017/12/13,113.547,113.575,112.466,112.689
2017/12/14,112.692,112.882,112.067,112.38
2017/12/15,112.383,112.745,112.033,112.576
2017/12/18,112.627,112.832,112.317,112.564
2017/12/19,112.564,113.079,112.512,112.859
2017/12/20,112.858,113.468,112.848,113.349
2017/12/21,113.35,113.635,113.204,113.359
2017/12/22,113.358,113.448,113.255,113.288
2017/12/26,113.299,113.354,113.121,113.197
2017/12/27,113.198,113.378,113.141,113.236
2017/12/28,113.237,113.267,112.667,112.881
2017/12/29,112.881,112.972,112.475,112.673
2018/1/2,112.602,112.793,112.057,112.232
2018/1/3,112.231,112.609,112.173,112.546
2018/1/4,112.547,112.866,112.491,112.777
2018/1/5,112.777,113.309,112.724,113.116
2018/1/8,113.113,113.387,112.884,113.157
2018/1/9,113.157,113.182,112.368,112.625
2018/1/10,112.626,112.783,111.272,111.398
2018/1/11,111.418,111.876,111.046,111.234
2018/1/12,111.233,111.693,110.915,111.017
2018/1/15,111.1,111.185,110.33,110.552
2018/1/16,110.548,110.981,110.248,110.44
2018/1/17,110.426,111.365,110.194,111.352
2018/1/18,111.353,111.483,110.704,111.052
2018/1/19,111.052,111.131,110.497,110.785
2018/1/22,110.624,111.225,110.562,110.93
2018/1/23,110.935,111.178,110.242,110.285
2018/1/24,110.284,110.337,108.968,109.19
2018/1/25,109.184,109.703,108.501,109.655
2018/1/26,109.655,109.771,108.285,108.713
2018/1/29,108.659,109.204,108.512,108.995
2018/1/30,108.996,109.207,108.419,108.766
2018/1/31,108.772,109.447,108.598,109.198
2018/2/1,109.197,109.751,109.095,109.456
2018/2/2,109.45,110.483,109.282,110.106
2018/2/5,110.275,110.282,108.993,109.134
2018/2/6,109.134,109.717,108.457,109.706
2018/2/7,109.706,109.706,108.921,109.375
2018/2/8,109.37,109.786,108.587,108.761
2018/2/9,108.763,109.307,108.048,108.823
2018/2/12,108.852,108.89,108.44,108.72
2018/2/13,108.721,108.782,107.411,107.83
2018/2/14,107.831,107.902,106.724,106.976
2018/2/15,106.956,106.961,106.037,106.19
2018/2/16,106.189,106.399,105.554,106.295
2018/2/19,106.291,106.7,106.098,106.614
2018/2/20,106.608,107.376,106.594,107.322
2018/2/21,107.319,107.904,107.29,107.754
2018/2/22,107.73,107.765,106.597,106.731
2018/2/23,106.729,107.135,106.514,106.881
2018/2/26,107.06,107.113,106.378,107.007
2018/2/27,106.999,107.676,106.791,107.351
2018/2/28,107.351,107.529,106.568,106.654
2018/3/1,106.659,107.199,106.078,106.097
2018/3/2,106.1,106.293,105.253,105.71
2018/3/5,105.624,106.237,105.354,106.219
2018/3/6,106.217,106.462,105.56,105.67
2018/3/7,105.666,106.22,105.459,106.129
2018/3/8,106.127,106.315,105.895,106.29
2018/3/9,106.291,107.05,106.265,106.823
2018/3/12,106.945,106.971,106.317,106.406
2018/3/13,106.409,107.286,106.255,106.499
2018/3/14,106.499,106.748,106.072,106.324
2018/3/15,106.319,106.414,105.792,106.291
2018/3/16,106.29,106.366,105.608,106.011
2018/3/19,105.978,106.303,105.68,106.044
2018/3/20,106.044,106.605,105.931,106.531
2018/3/21,106.54,106.632,105.886,105.963
2018/3/22,105.965,105.985,104.648,104.854
2018/3/23,104.849,105.282,104.65,104.726
2018/3/26,104.67,105.479,104.665,105.464
2018/3/27,105.463,105.903,105.329,105.388
2018/3/28,105.381,107.011,105.361,106.802
2018/3/29,106.796,106.932,106.27,106.49
2018/3/30,106.49,106.539,106.126,106.267
2018/4/2,106.267,106.45,105.661,105.854
2018/4/3,105.853,106.657,105.696,106.605
2018/4/4,106.597,106.848,105.996,106.763
2018/4/5,106.753,107.492,106.718,107.418
2018/4/6,107.417,107.459,106.782,106.867
2018/4/9,106.918,107.203,106.62,106.794
2018/4/10,106.776,107.399,106.62,107.199
2018/4/11,107.19,107.229,106.652,106.801
2018/4/12,106.801,107.427,106.704,107.306
2018/4/13,107.303,107.779,107.205,107.376
2018/4/16,107.501,107.604,107.039,107.135
2018/4/17,107.136,107.209,106.886,107.017
2018/4/18,107.018,107.385,107.006,107.23
2018/4/19,107.219,107.516,107.185,107.394
2018/4/20,107.395,107.856,107.379,107.649
2018/4/23,107.772,108.754,107.663,108.715
2018/4/24,108.721,109.2,108.544,108.819
2018/4/25,108.82,109.454,108.789,109.396
2018/4/26,109.44,109.465,109.07,109.312
2018/4/27,109.312,109.536,108.982,109.073
2018/4/30,109.084,109.453,109.023,109.268
2018/5/1,109.267,109.889,109.245,109.845
2018/5/2,109.846,110.012,109.595,109.851
2018/5/3,109.842,109.879,108.932,109.18
2018/5/4,109.173,109.271,108.649,109.09
2018/5/7,109.095,109.396,108.759,109.087
2018/5/8,109.087,109.351,108.841,109.062
2018/5/9,109.073,109.833,108.998,109.735
2018/5/10,109.734,110.017,109.324,109.418
2018/5/11,109.427,109.569,109.155,109.314
2018/5/14,109.322,109.702,109.211,109.693
2018/5/15,109.694,110.453,109.662,110.342
2018/5/16,110.342,110.396,110.042,110.292
2018/5/17,110.292,110.858,110.081,110.786
2018/5/18,110.786,111.082,110.612,110.725
2018/5/21,110.885,111.393,110.825,111.031
2018/5/22,111.03,111.184,110.799,110.911
2018/5/23,110.909,110.921,109.56,109.945
2018/5/24,109.953,110.045,108.963,109.204
2018/5/25,109.221,109.739,109.13,109.473
2018/5/28,109.751,109.8,109.24,109.379
2018/5/29,109.374,109.468,108.114,108.586
2018/5/30,108.585,109.075,108.352,108.897
2018/5/31,108.896,109.003,108.387,108.778
2018/6/1,108.777,109.734,108.723,109.561
2018/6/4,109.48,109.852,109.376,109.807
2018/6/5,109.81,110.005,109.481,109.834
2018/6/6,109.833,110.264,109.8,110.147
2018/6/7,110.145,110.22,109.495,109.704
2018/6/8,109.707,109.853,109.202,109.45
2018/6/11,109.323,110.119,109.323,110.061
2018/6/12,110.061,110.495,110.041,110.384
2018/6/13,110.385,110.846,110.254,110.257
2018/6/14,110.257,110.693,109.919,110.673
2018/6/15,110.673,110.901,110.39,110.6
2018/6/18,110.678,110.678,110.301,110.547
2018/6/19,110.554,110.572,109.555,110.03
2018/6/20,110.033,110.449,109.861,110.353
2018/6/21,110.355,110.758,109.844,109.889
2018/6/22,109.888,110.218,109.806,109.99
2018/6/25,109.908,110.025,109.37,109.736
2018/6/26,109.737,110.193,109.372,110.026
2018/6/27,110.026,110.49,109.687,110.236
2018/6/28,110.236,110.648,109.968,110.466
2018/6/29,110.468,110.943,110.381,110.697
2018/7/2,110.674,111.063,110.607,110.862
2018/7/3,110.862,111.13,110.51,110.585
2018/7/4,110.582,110.593,110.283,110.451
2018/7/5,110.451,110.71,110.297,110.667
2018/7/6,110.702,110.787,110.383,110.423
2018/7/9,110.425,110.902,110.354,110.848
2018/7/10,110.848,111.352,110.835,110.991
2018/7/11,110.993,112.175,110.77,111.935
2018/7/12,111.934,112.625,111.92,112.527
2018/7/13,112.527,112.801,112.278,112.331
2018/7/16,112.32,112.559,112.232,112.275
2018/7/17,112.275,112.925,112.232,112.905
2018/7/18,112.9,113.137,112.721,112.841
2018/7/19,112.841,113.175,112.066,112.438
2018/7/20,112.438,112.624,111.405,111.504
2018/7/23,111.408,111.54,110.754,111.307
2018/7/24,111.316,111.515,110.967,111.204
2018/7/25,111.211,111.385,110.672,110.859
2018/7/26,110.871,111.249,110.593,111.245
2018/7/27,111.243,111.245,110.799,110.991
2018/7/30,110.971,111.165,110.892,111.055
2018/7/31,111.047,111.958,110.779,111.843
2018/8/1,111.841,112.15,111.395,111.695
2018/8/2,111.689,111.732,111.339,111.641
2018/8/3,111.643,111.802,111.102,111.222
2018/8/6,111.224,111.527,111.17,111.4
2018/8/7,111.397,111.478,110.997,111.382
2018/8/8,111.382,111.439,110.839,110.926
2018/8/9,110.925,111.182,110.709,111.102
2018/8/10,111.101,111.169,110.517,110.796
2018/8/13,110.507,110.934,110.112,110.745
2018/8/14,110.745,111.315,110.592,111.224
2018/8/15,111.216,111.43,110.434,110.694
2018/8/16,110.691,111.113,110.461,110.939
2018/8/17,110.942,111.052,110.317,110.615
2018/8/20,110.535,110.68,110.021,110.037
2018/8/21,110.034,110.544,109.777,110.167
2018/8/22,110.172,110.615,110.029,110.541
2018/8/23,110.543,111.313,110.521,111.296
2018/8/24,111.302,111.487,111.107,111.183
2018/8/27,111.3,111.347,110.937,111.054
2018/8/28,111.055,111.356,110.958,111.178
2018/8/29,111.175,111.827,111.124,111.734
2018/8/30,111.734,111.756,110.955,111.029
2018/8/31,111.029,111.127,110.687,111.084
2018/9/3,111.093,111.188,110.854,111.079
2018/9/4,111.078,111.534,110.902,111.444
2018/9/5,111.444,111.758,111.388,111.494
2018/9/6,111.495,111.515,110.523,110.677
2018/9/7,110.679,111.244,110.382,110.998
2018/9/10,111.039,111.249,110.869,111.097
2018/9/11,111.104,111.642,111.081,111.607
2018/9/12,111.607,111.649,111.12,111.25
2018/9/13,111.256,111.998,111.171,111.923
2018/9/14,111.908,112.168,111.755,112.002
2018/9/17,112.041,112.123,111.763,111.852
2018/9/18,111.852,112.39,111.665,112.369
2018/9/19,112.368,112.443,112.164,112.271
2018/9/20,112.273,112.585,112.046,112.494
2018/9/21,112.489,112.874,112.431,112.573
2018/9/24,112.527,112.834,112.437,112.779
2018/9/25,112.778,112.983,112.743,112.954
2018/9/26,112.957,113.133,112.626,112.681
2018/9/27,112.68,113.468,112.562,113.407
2018/9/28,113.408,113.666,113.328,113.624
2018/10/1,113.727,114.062,113.701,113.999
2018/10/2,113.996,114.018,113.53,113.649
2018/10/3,113.649,114.537,113.527,114.484
2018/10/4,114.484,114.55,113.64,113.893
2018/10/5,113.892,114.097,113.564,113.675
2018/10/8,113.758,113.943,112.824,113.179
2018/10/9,113.178,113.394,112.873,112.973
2018/10/10,112.973,113.277,112.12,112.274
2018/10/11,112.271,112.535,111.844,112.149
2018/10/12,112.135,112.497,111.883,112.21
2018/10/15,112.161,112.237,111.628,111.782
2018/10/16,111.78,112.336,111.733,112.294
2018/10/17,112.294,112.707,112.017,112.691
2018/10/18,112.69,112.729,111.963,112.189
2018/10/19,112.189,112.643,112.144,112.537
2018/10/22,112.537,112.885,112.35,112.82
2018/10/23,112.819,112.843,111.957,112.418
2018/10/24,112.42,112.744,112.09,112.157
2018/10/25,112.148,112.672,111.822,112.381
2018/10/26,112.382,112.439,111.381,111.814
2018/10/29,111.869,112.558,111.781,112.347
2018/10/30,112.347,113.167,112.306,113.086
2018/10/31,113.087,113.384,112.808,112.933
2018/11/1,112.933,113.001,112.563,112.652
2018/11/2,112.648,113.318,112.627,113.214
2018/11/5,113.217,113.334,113.076,113.203
2018/11/6,113.204,113.5,113.106,113.455
2018/11/7,113.455,113.817,112.949,113.527
2018/11/8,113.529,114.085,113.512,114.05
2018/11/9,114.05,114.055,113.64,113.794
2018/11/12,113.874,114.206,113.664,113.8
2018/11/13,113.803,114.146,113.584,113.816
2018/11/14,113.816,114.008,113.3,113.582
2018/11/15,113.58,113.705,113.102,113.582
2018/11/16,113.588,113.611,112.648,112.819
2018/11/19,112.808,112.875,112.421,112.5
2018/11/20,112.501,112.839,112.308,112.732
2018/11/21,112.731,113.148,112.646,113.113
2018/11/22,113.109,113.129,112.885,112.955
2018/11/23,112.955,113.011,112.664,112.913
2018/11/26,112.916,113.651,112.879,113.569
2018/11/27,113.567,113.844,113.417,113.771
2018/11/28,113.77,114.036,113.456,113.627
2018/11/29,113.628,113.631,113.196,113.46
2018/11/30,113.457,113.705,113.349,113.513
2018/12/3,113.724,113.819,113.376,113.629
2018/12/4,113.625,113.64,112.58,112.761
2018/12/5,112.76,113.244,112.652,113.168
2018/12/6,113.165,113.168,112.238,112.73
2018/12/7,112.73,112.928,112.558,112.63
2018/12/10,112.636,113.368,112.243,113.263
2018/12/11,113.264,113.467,113.01,113.396
2018/12/12,113.397,113.521,113.144,113.276
2018/12/13,113.275,113.708,113.205,113.602
2018/12/14,113.603,113.675,113.215,113.392
2018/12/17,113.324,113.521,112.685,112.826
2018/12/18,112.827,112.849,112.251,112.484
2018/12/19,112.48,112.667,112.092,112.422
2018/12/20,112.423,112.606,110.818,111.288
2018/12/21,111.288,111.458,110.936,111.307
2018/12/24,111.034,111.191,110.271,110.327
2018/12/26,110.23,111.409,110.143,111.308
2018/12/27,111.306,111.306,110.459,110.928
2018/12/28,110.929,110.94,110.158,110.205
2018/12/31,110.303,110.476,109.561,109.701
2019/1/2,109.678,109.727,104.857,106.675
2019/1/3,106.754,108.303,106.628,107.681
2019/1/4,107.676,108.588,107.517,108.452
2019/1/7,108.479,108.748,108.023,108.661
2019/1/8,108.657,109.088,108.446,108.809
2019/1/9,108.794,109.003,107.988,108.158
2019/1/10,108.158,108.513,107.771,108.439
2019/1/11,108.44,108.594,108.15,108.558
2019/1/14,108.507,108.512,107.988,108.161
2019/1/15,108.163,108.765,108.14,108.653
2019/1/16,108.653,109.196,108.373,109.121
2019/1/17,109.12,109.398,108.688,109.199
2019/1/18,109.198,109.888,109.059,109.748
2019/1/21,109.741,109.762,109.476,109.642
2019/1/22,109.639,109.693,109.147,109.339
2019/1/23,109.339,109.998,109.325,109.563
2019/1/24,109.567,109.8,109.423,109.579
2019/1/25,109.579,109.951,109.492,109.517
2019/1/28,109.537,109.563,109.165,109.321
2019/1/29,109.304,109.542,109.132,109.366
2019/1/30,109.367,109.745,108.812,109.063
2019/1/31,109.06,109.06,108.499,108.837
2019/2/1,108.836,109.581,108.726,109.506
2019/2/4,109.493,110.162,109.434,109.914
2019/2/5,109.914,110.042,109.781,109.953
2019/2/6,109.949,110.054,109.563,109.937
2019/2/7,109.934,110.087,109.606,109.775
2019/2/8,109.774,109.898,109.649,109.781
2019/2/11,109.81,110.469,109.776,110.39
2019/2/12,110.39,110.652,110.348,110.467
2019/2/13,110.468,111.055,110.435,111.036
2019/2/14,111.035,111.126,110.413,110.49
2019/2/15,110.49,110.642,110.258,110.408
2019/2/18,110.504,110.658,110.459,110.616
2019/2/19,110.616,110.823,110.456,110.586
2019/2/20,110.587,110.95,110.565,110.804
2019/2/21,110.812,110.856,110.575,110.672
2019/2/22,110.679,110.907,110.56,110.671
2019/2/25,110.763,111.235,110.579,111.061
2019/2/26,111.062,111.077,110.426,110.569
2019/2/27,110.569,111.075,110.356,110.95
2019/2/28,110.95,111.493,110.664,111.38
2019/3/1,111.384,112.077,111.332,111.978
2019/3/4,111.828,112.014,111.641,111.754
2019/3/5,111.756,112.136,111.724,111.893
2019/3/6,111.895,111.919,111.619,111.712
2019/3/7,111.703,111.857,111.484,111.611
2019/3/8,111.61,111.651,110.799,111.119
2019/3/11,111.089,111.344,110.88,111.325
2019/3/12,111.324,111.466,111.112,111.316
2019/3/13,111.316,111.464,111.008,111.249
2019/3/14,111.249,111.834,111.147,111.699
2019/3/15,111.698,111.902,111.385,111.476
2019/3/18,111.491,111.63,111.3,111.401
2019/3/19,111.4,111.476,111.159,111.368
2019/3/20,111.366,111.691,110.536,110.727
2019/3/21,110.727,110.96,110.3,110.791
2019/3/22,110.787,110.897,109.742,109.954
2019/3/25,110.013,110.24,109.724,110.043
2019/3/26,110.043,110.691,110.002,110.529
2019/3/27,110.529,110.71,110.236,110.492
2019/3/28,110.491,110.832,110.021,110.657
2019/3/29,110.658,110.948,110.54,110.852
2019/4/1,110.947,111.444,110.816,111.41
2019/4/2,111.412,111.456,111.251,111.334
2019/4/3,111.332,111.575,111.209,111.464
2019/4/4,111.456,111.678,111.336,111.616
2019/4/5,111.617,111.82,111.564,111.678
2019/4/8,111.704,111.731,111.286,111.494
2019/4/9,111.495,111.577,110.983,111.138
2019/4/10,111.145,111.279,110.845,110.922
2019/4/11,110.919,111.695,110.919,111.629
2019/4/12,111.628,112.096,111.587,112.011
2019/4/15,111.987,112.095,111.891,111.978
2019/4/16,112.003,112.046,111.848,112.016
2019/4/17,112.015,112.166,111.923,112.033
2019/4/18,112.042,112.063,111.774,111.979
2019/4/22,111.919,111.991,111.889,111.926
2019/4/23,111.926,112.035,111.655,111.874
2019/4/24,111.875,112.4,111.682,112.07
2019/4/25,112.069,112.24,111.388,111.586
2019/4/26,111.586,112.032,111.432,111.608
2019/4/29,111.585,111.898,111.57,111.654
2019/4/30,111.656,111.691,111.237,111.447
2019/5/1,111.447,111.614,111.051,111.415
2019/5/2,111.412,111.663,111.352,111.518
2019/5/3,111.518,111.687,111.072,111.094
2019/5/6,110.609,110.96,110.282,110.688
2019/5/7,110.688,110.853,110.171,110.267
2019/5/8,110.267,110.289,109.905,110.088
2019/5/9,110.072,110.083,109.478,109.727
2019/5/10,109.731,110.048,109.499,109.93
2019/5/13,109.79,109.832,109.025,109.218
2019/5/14,109.218,109.773,109.146,109.65
2019/5/15,109.651,109.704,109.154,109.59
2019/5/16,109.59,109.963,109.34,109.861
2019/5/17,109.861,110.178,109.498,110.021
2019/5/20,110.083,110.317,109.81,110.085
2019/5/21,110.074,110.673,110.023,110.517
2019/5/22,110.515,110.627,110.243,110.331
2019/5/23,110.332,110.366,109.463,109.615
2019/5/24,109.62,109.745,109.277,109.298
2019/5/27,109.322,109.581,109.283,109.497
2019/5/28,109.476,109.63,109.212,109.364
2019/5/29,109.366,109.699,109.153,109.551
2019/5/30,109.551,109.923,109.475,109.599
2019/5/31,109.599,109.623,108.353,108.368
2019/6/3,108.318,108.447,107.888,108.057
2019/6/4,108.057,108.358,107.847,108.154
2019/6/5,108.154,108.484,107.821,108.283
2019/6/6,108.287,108.563,108.034,108.367
2019/6/7,108.367,108.611,107.886,108.164
2019/6/10,108.473,108.716,108.334,108.437
2019/6/11,108.437,108.8,108.351,108.564
2019/6/12,108.563,108.563,108.22,108.487
2019/6/13,108.488,108.539,108.166,108.372
2019/6/14,108.382,108.585,108.163,108.547
2019/6/17,108.507,108.722,108.507,108.565
2019/6/18,108.568,108.677,108.064,108.468
2019/6/19,108.472,108.616,107.906,108.084
2019/6/20,108.079,108.141,107.213,107.304
2019/6/21,107.305,107.735,107.05,107.377
2019/6/24,107.295,107.538,107.249,107.308
2019/6/25,107.311,107.41,106.781,107.143
